{"0": 1.8017475605010986, "1": 2.102226495742798, "2": 1.4337587356567383, "3": 1.7438515424728394, "4": 1.509486436843872, "5": 1.512617826461792, "6": 1.4105925559997559, "7": 1.8042789697647095, "8": 1.6619744300842285, "9": 1.8085570335388184}