{"0": 0.09943141043186188, "1": 0.7723671793937683, "2": 0.5688509345054626, "3": 0.4873398244380951, "4": 0.20908930897712708, "5": 0.6267917156219482, "6": 0.10794007778167725, "7": 0.7421686053276062, "8": 0.05664585530757904, "9": 0.6941754817962646}