{"0": 0.37840643525123596, "1": 0.9836186766624451, "2": 0.726933479309082, "3": 0.5399467945098877, "4": 0.6194537878036499, "5": 0.6561803221702576, "6": 0.420788049697876, "7": 0.8752724528312683, "8": 0.3556637465953827, "9": 0.9487729668617249}