{"0": 1.6971615552902222, "1": 1.0391764640808105, "2": 0.9906991720199585, "3": 1.302984595298767, "4": 1.0580151081085205, "5": 0.96661776304245, "6": 0.9368312358856201, "7": 1.8566157817840576, "8": 1.3477827310562134, "9": 1.0007370710372925}