{"0": 0.99639892578125, "1": 0.9977027177810669, "2": 1.3699806928634644, "3": 1.7928200960159302, "4": 1.089957594871521, "5": 1.0797030925750732, "6": 1.349198579788208, "7": 1.0773028135299683, "8": 1.044409155845642, "9": 0.876568078994751}