{"0": 1.5187608003616333, "1": 1.5560081005096436, "2": 1.6812289953231812, "3": 1.8007668256759644, "4": 1.6287260055541992, "5": 1.5859403610229492, "6": 1.7929720878601074, "7": 1.5337358713150024, "8": 1.5450841188430786, "9": 1.2190630435943604}