{"0": 0.9160124659538269, "1": 1.0205233097076416, "2": 1.085756540298462, "3": 0.9115043878555298, "4": 0.9262164235115051, "5": 1.1501915454864502, "6": 1.0261377096176147, "7": 1.0262033939361572, "8": 0.9561492204666138, "9": 0.9918267726898193}