{"0": 0.22855016589164734, "1": 0.7568339705467224, "2": 0.6898148655891418, "3": 0.6998410820960999, "4": 0.6211174726486206, "5": 1.2239789962768555, "6": 0.6658610105514526, "7": 1.060516357421875, "8": 0.5961164236068726, "9": 1.1683670282363892}