{"0": 1.1134216785430908, "1": 1.169101595878601, "2": 1.368220329284668, "3": 1.1870054006576538, "4": 1.2354750633239746, "5": 1.4309478998184204, "6": 1.1809511184692383, "7": 1.2110587358474731, "8": 1.4777085781097412, "9": 1.291690707206726}