{"0": 0.8677497506141663, "1": 0.9850828051567078, "2": 1.1503552198410034, "3": 0.9836167097091675, "4": 1.0053253173828125, "5": 1.0368380546569824, "6": 1.0010558366775513, "7": 1.021360158920288, "8": 1.0851067304611206, "9": 1.0529628992080688}