{"0": 0.8711207509040833, "1": 0.9899048805236816, "2": 1.204689383506775, "3": 0.9802505970001221, "4": 1.007262945175171, "5": 1.0325921773910522, "6": 1.001330018043518, "7": 1.0151374340057373, "8": 1.0553313493728638, "9": 1.0449491739273071}