{"0": 0.8731592297554016, "1": 0.9823189973831177, "2": 1.1538445949554443, "3": 0.99873948097229, "4": 1.0102694034576416, "5": 1.0289428234100342, "6": 1.0039528608322144, "7": 1.023429036140442, "8": 1.0535730123519897, "9": 1.0434516668319702}