{"0": 0.9927182793617249, "1": 1.1538124084472656, "2": 1.0817402601242065, "3": 1.0549269914627075, "4": 0.9444533586502075, "5": 1.064763069152832, "6": 0.9537164568901062, "7": 1.0999341011047363, "8": 0.8816307187080383, "9": 1.0647034645080566}