{"0": 0.1366213858127594, "1": 0.21091842651367188, "2": 0.41135504841804504, "3": 0.6849339008331299, "4": 0.35659661889076233, "5": 0.7477976083755493, "6": 0.2254570871591568, "7": 0.41781947016716003, "8": 0.3066259026527405, "9": 1.113776683807373}