{"0": 1.1317875385284424, "1": 0.9274538159370422, "2": 1.0286575555801392, "3": 1.2172282934188843, "4": 1.022268295288086, "5": 1.035658836364746, "6": 1.0757545232772827, "7": 1.0219554901123047, "8": 1.0114378929138184, "9": 1.1154685020446777}