{"0": 1.1838093996047974, "1": 0.9243342876434326, "2": 1.0288053750991821, "3": 1.0188052654266357, "4": 1.0221387147903442, "5": 1.0910283327102661, "6": 1.0770450830459595, "7": 1.0203362703323364, "8": 1.0118664503097534, "9": 1.0255743265151978}