{"0": 0.8390173316001892, "1": 1.035986065864563, "2": 0.9942116737365723, "3": 1.1114206314086914, "4": 1.0427559614181519, "5": 0.9684427380561829, "6": 0.8873138427734375, "7": 0.9492899775505066, "8": 0.943057119846344, "9": 0.9638360738754272}