{"0": 1.3948869705200195, "1": 1.5253400802612305, "2": 1.2453047037124634, "3": 1.5567971467971802, "4": 1.6689813137054443, "5": 1.1649094820022583, "6": 1.1436045169830322, "7": 1.4200303554534912, "8": 1.2900331020355225, "9": 1.4019689559936523}