{"0": 0.8389329314231873, "1": 1.0002559423446655, "2": 1.1743829250335693, "3": 1.0178937911987305, "4": 1.0897434949874878, "5": 1.0790680646896362, "6": 1.1528691053390503, "7": 1.0036003589630127, "8": 1.045228123664856, "9": 0.884104311466217}