{"0": 0.8759874105453491, "1": 1.0061917304992676, "2": 1.1691421270370483, "3": 1.2111585140228271, "4": 1.1024264097213745, "5": 1.0834366083145142, "6": 1.1520812511444092, "7": 1.033992052078247, "8": 1.0427477359771729, "9": 0.884840726852417}