{"0": 1.0005145072937012, "1": 1.0346909761428833, "2": 0.7963957786560059, "3": 1.015204906463623, "4": 0.9036680459976196, "5": 1.0059914588928223, "6": 0.8922283053398132, "7": 0.89193195104599, "8": 0.9724705815315247, "9": 0.9773614406585693}