{"0": 0.07970196008682251, "1": 0.6565189957618713, "2": 0.5718602538108826, "3": 0.21618953347206116, "4": 0.21778036653995514, "5": 0.6147217750549316, "6": 0.09324170649051666, "7": 0.7433438897132874, "8": 0.043360404670238495, "9": 0.818977415561676}