{"0": 0.0014053258346393704, "1": 0.008626754395663738, "2": 0.0007734800456091762, "3": 0.00037360211717896163, "4": 0.009000674821436405, "5": 0.0024632669519633055, "6": 0.0031043204944580793, "7": 0.006695849355310202, "8": 0.012132205069065094, "9": 0.030873136594891548}