{"0": 4.9955819122260436e-05, "1": 0.001332141226157546, "2": 8.282943599624559e-05, "3": 0.00028078537434339523, "4": 0.00012811206397600472, "5": 0.5698039531707764, "6": 0.0016030860133469105, "7": 1.0024547576904297, "8": 0.0025718165561556816, "9": 1.0181114673614502}