{"0": 0.028559138998389244, "1": 0.000790216086897999, "2": 0.0005020696553401649, "3": 0.0002823656250257045, "4": 0.00943433865904808, "5": 1.0634112358093262, "6": 0.0010494559537619352, "7": 1.0015628337860107, "8": 0.01526675932109356, "9": 1.0172189474105835}