{"0": 0.0010244300356134772, "1": 0.010991355404257774, "2": 0.0004982426180504262, "3": 0.0026980633847415447, "4": 0.0014668842777609825, "5": 0.002286031609401107, "6": 0.0044435434974730015, "7": 0.003186706220731139, "8": 0.034344352781772614, "9": 0.009109298698604107}