{"0": 0.00018595089204609394, "1": 0.0006687665591016412, "2": 8.468018495477736e-05, "3": 0.0002464309218339622, "4": 0.00025557688786648214, "5": 0.005253959912806749, "6": 0.0010649396572262049, "7": 0.0023673668038100004, "8": 0.03917629271745682, "9": 0.007404301781207323}