{"0": 0.0011115241795778275, "1": 0.0019197901710867882, "2": 0.0003150897391606122, "3": 0.00039224736974574625, "4": 0.0029516119975596666, "5": 0.00017315431614406407, "6": 0.0026885634288191795, "7": 0.001293856999836862, "8": 0.005420712288469076, "9": 0.001395088154822588}