{"0": 2.1215896606445312, "1": 1.763342261314392, "2": 2.0258219242095947, "3": 1.7627999782562256, "4": 2.0229530334472656, "5": 2.0212414264678955, "6": 2.067351818084717, "7": 1.931705355644226, "8": 1.9124747514724731, "9": 2.0801258087158203}