{"0": 1.226344347000122, "1": 0.8954574465751648, "2": 1.0773218870162964, "3": 1.2232072353363037, "4": 1.0709233283996582, "5": 1.0949479341506958, "6": 1.1071839332580566, "7": 1.0167909860610962, "8": 1.0266609191894531, "9": 1.189592719078064}