{"0": 1.0555071830749512, "1": 0.9161959290504456, "2": 1.0608062744140625, "3": 0.9947894811630249, "4": 0.9369479417800903, "5": 0.9516311883926392, "6": 1.0068832635879517, "7": 1.0639625787734985, "8": 1.0039514303207397, "9": 0.973721444606781}