{"0": 1.009032964706421, "1": 0.8883846998214722, "2": 1.0568106174468994, "3": 1.1479151248931885, "4": 0.9276069402694702, "5": 0.8946940898895264, "6": 0.9918681383132935, "7": 1.0203605890274048, "8": 0.998732328414917, "9": 1.1102838516235352}