{"0": 1.5590999126434326, "1": 1.954410195350647, "2": 1.8490208387374878, "3": 2.068399429321289, "4": 1.7545671463012695, "5": 2.0195393562316895, "6": 1.8452255725860596, "7": 2.0506591796875, "8": 1.4881800413131714, "9": 2.0287346839904785}