{"0": 0.094818115234375, "1": 0.33695274591445923, "2": 0.5146389007568359, "3": 0.817318320274353, "4": 0.40092572569847107, "5": 0.7597498893737793, "6": 0.22945331037044525, "7": 0.4666225016117096, "8": 0.3204949200153351, "9": 0.9317904710769653}