{"0": 0.9745360016822815, "1": 1.196197271347046, "2": 1.2792867422103882, "3": 1.2618823051452637, "4": 1.0756423473358154, "5": 1.407945990562439, "6": 1.2149174213409424, "7": 1.2221040725708008, "8": 0.9627885818481445, "9": 1.4136426448822021}