{"0": 0.6796236634254456, "1": 0.8904735445976257, "2": 1.0289734601974487, "3": 0.8603715300559998, "4": 0.8359485268592834, "5": 1.1260563135147095, "6": 0.9371709823608398, "7": 0.94338059425354, "8": 0.8382224440574646, "9": 1.0090104341506958}