{"0": 0.9849691987037659, "1": 0.8964756727218628, "2": 1.0473946332931519, "3": 1.0428327322006226, "4": 0.9290838837623596, "5": 0.9173967242240906, "6": 0.9915832281112671, "7": 1.0261609554290771, "8": 0.9882400035858154, "9": 0.9920569062232971}