{"0": 1.3453469276428223, "1": 1.130068302154541, "2": 1.3507215976715088, "3": 1.3149893283843994, "4": 1.282546877861023, "5": 1.2816882133483887, "6": 1.4306035041809082, "7": 1.3966457843780518, "8": 1.2172000408172607, "9": 1.3099089860916138}