{"0": 0.0005014968919567764, "1": 0.009164219722151756, "2": 0.00025923922657966614, "3": 0.0004036349128000438, "4": 0.0006656770128756762, "5": 0.0005579899298027158, "6": 0.0034187438432127237, "7": 0.0010070204734802246, "8": 0.005544276442378759, "9": 0.0029324644710868597}