{"0": 0.0004283215384930372, "1": 0.0009285055566579103, "2": 0.0003935347485821694, "3": 0.0012497537536546588, "4": 0.001269038300961256, "5": 0.00034595117904245853, "6": 0.0021639103069901466, "7": 0.002131476067006588, "8": 0.0021735928021371365, "9": 0.003050445578992367}